n,Q0_median_s,Q1_median_s,Q2_median_s,Q3_median_s,Q4_median_s,Q0_mean_s,Q1_mean_s,Q2_mean_s,Q3_mean_s,Q4_mean_s
100,0.0002583334999997078,0.1468614580000036,0.22285364600000435,0.26738831249997475,0.23678829150000524,0.00026071464999972705,0.15520901659999992,0.23485526254999628,0.27447115629999813,0.2645979165999961
300,0.00026327049998542407,0.15855979150001076,0.1996520834999842,0.21510185450003405,0.23208154199997466,0.0002625395999999114,0.15562396039999982,0.23298179385000423,0.2216727458000122,0.23499582504998956
1000,0.0003343544999978576,0.1655358125000106,0.25289287499998636,0.2351869580000141,0.23734741650002888,0.0005572500000013747,0.16408108110000086,0.2644059208999977,0.2234743707499945,0.2648550500500022
3000,0.0004598124999972697,0.13286441700002172,0.2360361869999963,0.25419095850000417,0.2521327704999976,0.0005204521500019154,0.1476795626500021,0.2330674583499956,0.26484397290001027,0.28933156444999497
10000,0.000869833499990591,0.13435552100000336,0.18711083349998603,0.21031143749999615,0.21013891650002847,0.0010221750499994186,0.14733993314999197,0.20393543324999824,0.24730108539999662,0.2361734665999961
