d,rfsd_rej,rfsd_rej_se,alpha_used,n_done
2,0.04,0.019694638556693237,0.041666666666666664,100
4,0.02,0.014070529413628966,0.03125,100
8,0.0,0.0,0.020833333333333332,100
16,0.0,0.0,0.0125,100
32,0.0,0.0,0.006944444444444445,100
64,0.0,0.0,0.003676470588235294,100
128,0.0,0.0,0.001893939393939394,100
