d,rfsd_rej,rfsd_rej_se,alpha_used,n_done
2,0.91,0.028762349126466143,0.041666666666666664,100
4,0.69,0.04648231987117317,0.03125,100
8,0.18,0.03861229196653691,0.020833333333333332,100
16,0.0,0.0,0.0125,100
32,0.0,0.0,0.006944444444444445,100
64,0.0,0.0,0.003676470588235294,100
128,0.0,0.0,0.001893939393939394,100
